<install>
	<name>ofxOsc</name>
	<version>0.04</version>
	<author>damian stewart</author>
	<url>http://frey.co.nz/ofxosc</url>

	<add>	
		<!-- 	=====================================================================	-->
		<!--	========================== add per project using this addon =========	-->
		<!-- 	=====================================================================	-->

		<src>
			<folder name="addons/ofxOsc/src">			
			<file>../../../addons/ofxOsc/src/ofxOsc.h</file>
			<file>../../../addons/ofxOsc/src/ofxOscArg.h</file>
			<file>../../../addons/ofxOsc/src/ofxOscBundle.cpp</file>
			<file>../../../addons/ofxOsc/src/ofxOscBundle.h</file>
			<file>../../../addons/ofxOsc/src/ofxOscMessage.h</file>
			<file>../../../addons/ofxOsc/src/ofxOscMessage.cpp</file>
			<file>../../../addons/ofxOsc/src/ofxOscReceiver.h</file>
			<file>../../../addons/ofxOsc/src/ofxOscReceiver.cpp</file>
			<file>../../../addons/ofxOsc/src/ofxOscSender.cpp</file>
			<file>../../../addons/ofxOsc/src/ofxOscSender.h</file>
			</folder>
      
			<folder name="addons/ofxOsc/libs/oscpack/src/ip">
      <file>../../../addons/ofxOsc/libs/oscpack/src/ip/IpEndpointName.cpp</file>
      <file>../../../addons/ofxOsc/libs/oscpack/src/ip/IpEndpointName.h</file>
      <file>../../../addons/ofxOsc/libs/oscpack/src/ip/NetworkingUtils.h</file>
      <file>../../../addons/ofxOsc/libs/oscpack/src/ip/PacketListener.h</file>
      <file>../../../addons/ofxOsc/libs/oscpack/src/ip/TimerListener.h</file>
      <file>../../../addons/ofxOsc/libs/oscpack/src/ip/UdpSocket.h</file>
			</folder>
      
			<folder name="addons/ofxOsc/libs/oscpack/src/ip/posix">
      <file>../../../addons/ofxOsc/libs/oscpack/src/ip/posix/NetworkingUtils.cpp</file>
      <file>../../../addons/ofxOsc/libs/oscpack/src/ip/posix/UdpSocket.cpp</file>
      </folder>
      
			<folder name="addons/ofxOsc/libs/oscpack/src/ip/win32">
      <file>../../../addons/ofxOsc/libs/oscpack/src/ip/win32/NetworkingUtilsWin.cpp</file>
      <file>../../../addons/ofxOsc/libs/oscpack/src/ip/win32/UdpSocketWin.cpp</file>
      </folder>
      
			<folder name="addons/ofxOsc/libs/oscpack/src/osc">
      <file>../../../addons/ofxOsc/libs/oscpack/src/osc/MessageMappingOscPacketListener.h</file>
      <file>../../../addons/ofxOsc/libs/oscpack/src/osc/OscException.h</file>
      <file>../../../addons/ofxOsc/libs/oscpack/src/osc/OscHostEndianness.h</file>
      <file>../../../addons/ofxOsc/libs/oscpack/src/osc/OscOutboundPacketStream.cpp</file>
      <file>../../../addons/ofxOsc/libs/oscpack/src/osc/OscOutboundPacketStream.h</file>
      <file>../../../addons/ofxOsc/libs/oscpack/src/osc/OscPacketListener.h</file>
      <file>../../../addons/ofxOsc/libs/oscpack/src/osc/OscPrintReceivedElements.cpp</file>
      <file>../../../addons/ofxOsc/libs/oscpack/src/osc/OscPrintReceivedElements.h</file>
      <file>../../../addons/ofxOsc/libs/oscpack/src/osc/OscReceivedElements.cpp</file>
      <file>../../../addons/ofxOsc/libs/oscpack/src/osc/OscReceivedElements.h</file>
      <file>../../../addons/ofxOsc/libs/oscpack/src/osc/OscTypes.cpp</file>
      <file>../../../addons/ofxOsc/libs/oscpack/src/osc/OscTypes.h</file>
      </folder>
		</src>

		<include>
			<path>../../../addons/ofxOsc/src</path>
			<path>../../../addons/ofxOsc/libs/oscpack/include/ip</path>
			<path>../../../addons/ofxOsc/libs/oscpack/include/osc</path>
		</include>
		
		<link>
		</link>

	</add>
	
	
</install>

